Workbook

Sheet Région
A1: REGIONS | B1: ID
A2: AKPAZIBO | B2: SGI-Reg1
A3: MARAHOUE | B3: SGI-Reg2
A4: NICHI | B4: SGI-Reg3
A5: NIMBA | B5: SGI-Reg4
A6: AWÊ N'ZRAMA | B6: SGI-Reg5
A7: CITE DU BONHEUR | B7: SGI-Reg6
A8: L'ENVOL | B8: SGI-Reg7
A9: MYOREN | B9: SGI-Reg8
A10: SHISHIKU | B10: SGI-Reg9
A11: PERLES | B11: SGI-Reg10
A12: DAÏ ICHINEN | B12: SGI-Reg11
... A20: LA NAWA | B20: SGI-Reg19

Sheet RGSE
A1: REGIONS | B1: CHAPITRES | C1: ID_region
A2: DAÏ ICHINEN | B2: OSAKA | C2: =VLOOKUP(A2,Région!$A$1:$B$17,2,0) -> SGI-Reg11
A3: DAÏ ICHINEN | B3: JIHI | C3: =VLOOKUP(A3,Région!$A$1:$B$17,2,0) -> SGI-Reg11
A4: DAÏ ICHINEN | B4: LES CERISIERS | C4: =VLOOKUP(A4,Région!$A$1:$B$17,2,0) -> SGI-Reg11
A5: DAÏ ICHINEN | B5: OSAKA | C5: =VLOOKUP(A5,Région!$A$1:$B$17,2,0) -> SGI-Reg11
A6: DAÏ ICHINEN | B6: SHIKOKU | C6: =VLOOKUP(A6,Région!$A$1:$B$17,2,0) -> SGI-Reg11
A7: EVEIL DU SUD COMOE | B7: KOSEN RUFU | C7: =VLOOKUP(A7,Région!$A$1:$B$17,2,0) -> SGI-Reg12
A8: EVEIL DU SUD COMOE | B8: LOTUS LES HEVEAS | C8: =VLOOKUP(A8,Région!$A$1:$B$17,2,0) -> SGI-Reg12
A9: EVEIL DU SUD COMOE | B9: REVOLUTION HUMAINE | C9: =VLOOKUP(A9,Région!$A$1:$B$17,2,0) -> SGI-Reg12
A10: EVEIL DU SUD COMOE | B10: AMANKEBU | C10: =VLOOKUP(A10,Région!$A$1:$B$17,2,0) -> SGI-Reg12
A11: EVEIL DU SUD COMOE | B11: MAKA SHIKAN | C11: =VLOOKUP(A11,Région!$A$1:$B$17,2,0) -> SGI-Reg12
A12: EVEIL DU SUD COMOE | B12: ITAÏ DOSHIN | C12: =VLOOKUP(A12,Région!$A$1:$B$17,2,0) -> SGI-Reg12
A13: EVEIL DU SUD COMOE | B13: LOTUS BLANC | C13: =VLOOKUP(A13,Région!$A$1:$B$17,2,0) -> SGI-Reg12
... A65: RISSHO ANKOKU RON | B65: FUKU'UN | C65: =VLOOKUP(A65,Région!$A$1:$B$17,2,0) -> SGI-Reg16

Sheet RGTV
A1: REGIONS | B1: CHAPITRES | C1: ID_region
A2: MYOREN | B2: Kyochi Myogo | C2: =VLOOKUP(A2,Région!$A$1:$B$17,2,0) -> SGI-Reg8
A3: MYOREN | B3: Pure Sagesse | C3: =VLOOKUP(A3,Région!$A$1:$B$17,2,0) -> SGI-Reg8
A4: MYOREN | B4: Tour Aux Trésors | C4: =VLOOKUP(A4,Région!$A$1:$B$17,2,0) -> SGI-Reg8
A5: MYOREN | B5: Bonne Fortune | C5: =VLOOKUP(A5,Région!$A$1:$B$17,2,0) -> SGI-Reg8
A6: MYOREN | B6: Détermination | C6: =VLOOKUP(A6,Région!$A$1:$B$17,2,0) -> SGI-Reg8
A7: MYOREN | B7: Tchanfèto | C7: =VLOOKUP(A7,Région!$A$1:$B$17,2,0) -> SGI-Reg8
A8: MYOREN | B8: Bonheur | C8: =VLOOKUP(A8,Région!$A$1:$B$17,2,0) -> SGI-Reg8
A9: MYOREN | B9: Itaï Doshin | C9: =VLOOKUP(A9,Région!$A$1:$B$17,2,0) -> SGI-Reg8
A10: MYOREN | B10: Terre de Bouddha | C10: =VLOOKUP(A10,Région!$A$1:$B$17,2,0) -> SGI-Reg8
A11: MYOREN | B11: Rissho Ankoku Ron | C11: =VLOOKUP(A11,Région!$A$1:$B$17,2,0) -> SGI-Reg8
A12: MYOREN | B12: Shin Gyo Gaku | C12: =VLOOKUP(A12,Région!$A$1:$B$17,2,0) -> SGI-Reg8
A13: MYOREN | B13: Trois Trésors | C13: =VLOOKUP(A13,Région!$A$1:$B$17,2,0) -> SGI-Reg8
... A92: PERLES | B92: DAI ICHINEN | C92: =VLOOKUP(A92,Région!$A$1:$B$17,2,0) -> SGI-Reg10

Sheet RGBO1
A1: REGIONS | B1: CHAPITRES | C1: ID_region
A2: AWÊ N'ZRAMA | B2: CŒUR VAILLANT | C2: =VLOOKUP(A2,Région!$A$1:$B$17,2,0) -> SGI-Reg5
A3: AWÊ N'ZRAMA | B3: OBE | C3: =VLOOKUP(A3,Région!$A$1:$B$17,2,0) -> SGI-Reg5
A4: AWÊ N'ZRAMA | B4: SANTAL | C4: =VLOOKUP(A4,Région!$A$1:$B$17,2,0) -> SGI-Reg5
A5: AWÊ N'ZRAMA | B5: KEVA | C5: =VLOOKUP(A5,Région!$A$1:$B$17,2,0) -> SGI-Reg5
A6: AWÊ N'ZRAMA | B6: TERRE DE BOUDDHA | C6: =VLOOKUP(A6,Région!$A$1:$B$17,2,0) -> SGI-Reg5
A7: AWÊ N'ZRAMA | B7: SOLEIL LEVANT | C7: =VLOOKUP(A7,Région!$A$1:$B$17,2,0) -> SGI-Reg5
A8: AWÊ N'ZRAMA | B8: LUMIÈRE | C8: =VLOOKUP(A8,Région!$A$1:$B$17,2,0) -> SGI-Reg5
A9: AWÊ N'ZRAMA | B9: AMOUGNAN | C9: =VLOOKUP(A9,Région!$A$1:$B$17,2,0) -> SGI-Reg5
A10: AWÊ N'ZRAMA | B10: OPNIN | C10: =VLOOKUP(A10,Région!$A$1:$B$17,2,0) -> SGI-Reg5
A11: AWÊ N'ZRAMA | B11: ECLEWO | C11: =VLOOKUP(A11,Région!$A$1:$B$17,2,0) -> SGI-Reg5
A12: AWÊ N'ZRAMA | B12: MI-YO | C12: =VLOOKUP(A12,Région!$A$1:$B$17,2,0) -> SGI-Reg5
A13: AWÊ N'ZRAMA | B13: TERRE PURE | C13: =VLOOKUP(A13,Région!$A$1:$B$17,2,0) -> SGI-Reg5
... A62: L'ENVOL | B62: ITAÏ DOSHIN | C62: =VLOOKUP(A62,Région!$A$1:$B$17,2,0) -> SGI-Reg7

Sheet RGBO2
A1: REGIONS | B1: CHAPITRES | C1: ID_region
A2: AKPAZIBO | B2: BONHEUR | C2: =VLOOKUP(A2,Région!$A$1:$B$17,2,0) -> SGI-Reg1
A3: AKPAZIBO | B3: JIHI | C3: =VLOOKUP(A3,Région!$A$1:$B$17,2,0) -> SGI-Reg1
A4: AKPAZIBO | B4: AKPOUIHIN | C4: =VLOOKUP(A4,Région!$A$1:$B$17,2,0) -> SGI-Reg1
A5: AKPAZIBO | B5: AMOUGNAN | C5: =VLOOKUP(A5,Région!$A$1:$B$17,2,0) -> SGI-Reg1
A6: AKPAZIBO | B6: SOLEIL D'ESPOIR | C6: =VLOOKUP(A6,Région!$A$1:$B$17,2,0) -> SGI-Reg1
A7: AKPAZIBO | B7: ZAGNE | C7: =VLOOKUP(A7,Région!$A$1:$B$17,2,0) -> SGI-Reg1
A8: AKPAZIBO | B8: KANJIN | C8: =VLOOKUP(A8,Région!$A$1:$B$17,2,0) -> SGI-Reg1
A9: AKPAZIBO | B9: OSAKA | C9: =VLOOKUP(A9,Région!$A$1:$B$17,2,0) -> SGI-Reg1
A10: AKPAZIBO | B10: KOUALEUTOAGBEKA | C10: =VLOOKUP(A10,Région!$A$1:$B$17,2,0) -> SGI-Reg1
A11: AKPAZIBO | B11: NIRVANA | C11: =VLOOKUP(A11,Région!$A$1:$B$17,2,0) -> SGI-Reg1
A12: AKPAZIBO | B12: ABEBO ZEAGLO | C12: =VLOOKUP(A12,Région!$A$1:$B$17,2,0) -> SGI-Reg1
A13: AKPAZIBO | B13: JINZAÏ | C13: =VLOOKUP(A13,Région!$A$1:$B$17,2,0) -> SGI-Reg1
... A102: NIMBA | B102: BLAPLEU | C102: =VLOOKUP(A102,Région!$A$1:$B$17,2,0) -> SGI-Reg4

Sheet RGBO3
A1: REGIONS | B1: CHAPITRES | C1: ID_region
A2: AKPAZIBO | B2: BONHEUR | C2: =VLOOKUP(A2,Région!$A$1:$B$17,2,0) -> SGI-Reg1
A3: AKPAZIBO | B3: JIHI | C3: =VLOOKUP(A3,Région!$A$1:$B$17,2,0) -> SGI-Reg1
A4: AKPAZIBO | B4: AKPOUIHIN | C4: =VLOOKUP(A4,Région!$A$1:$B$17,2,0) -> SGI-Reg1
A5: AKPAZIBO | B5: AMOUGNAN | C5: =VLOOKUP(A5,Région!$A$1:$B$17,2,0) -> SGI-Reg1
A6: AKPAZIBO | B6: SOLEIL D'ESPOIR | C6: =VLOOKUP(A6,Région!$A$1:$B$17,2,0) -> SGI-Reg1
A7: AKPAZIBO | B7: ZAGNE | C7: =VLOOKUP(A7,Région!$A$1:$B$17,2,0) -> SGI-Reg1
A8: AKPAZIBO | B8: KANJIN | C8: =VLOOKUP(A8,Région!$A$1:$B$17,2,0) -> SGI-Reg1
A9: AKPAZIBO | B9: OSAKA | C9: =VLOOKUP(A9,Région!$A$1:$B$17,2,0) -> SGI-Reg1
A10: AKPAZIBO | B10: KOUALEUTOAGBEKA | C10: =VLOOKUP(A10,Région!$A$1:$B$17,2,0) -> SGI-Reg1
A11: AKPAZIBO | B11: NIRVANA | C11: =VLOOKUP(A11,Région!$A$1:$B$17,2,0) -> SGI-Reg1
A12: AKPAZIBO | B12: ABEBO ZEAGLO | C12: =VLOOKUP(A12,Région!$A$1:$B$17,2,0) -> SGI-Reg1
A13: AKPAZIBO | B13: JINZAÏ | C13: =VLOOKUP(A13,Région!$A$1:$B$17,2,0) -> SGI-Reg1
... A102: NIMBA | B102: BLAPLEU | C102: =VLOOKUP(A102,Région!$A$1:$B$17,2,0) -> SGI-Reg4

Sheet Feuil1
A1: REGIONS | B1: CHAPITRES
A2: KANSAÏ | B2: CHAPITRE FONDY
A3: KANSAÏ | B3: CHAPITRE SAGESSE ETERNELLE
A4: KANSAÏ | B4: CHAPITRE ITAI DOSHIN
A5: KANSAÏ | B5: CHAPITRE FUKYO
A6: KANSAÏ | B6: CHAPITRE PIONNIER
A7: KANSAÏ | B7: CHAPITRE LOTUS
A8: KANSAÏ | B8: CHAPITRE TERRE DE VICTOIRE
A9: KANSAÏ | B9: CHAPITRE 1
A10: KANSAÏ | B10: CHAPITRE 2
A11: KANSAÏ | B11: CHAPITRE MYO
A12: KANSAÏ | B12: CHAPITRE VICTOIRE
... A54: CITADELLE ETERNELLE DU ROI LION | B54: CAPITRE DE SAPH

Sheet Chapitre
A1: REGIONS | B1: CHAPITRES | C1: ID_region | D1: ID_chapitre
A2: AKPAZIBO | B2: BONHEUR | C2: =VLOOKUP(A2,Région!$A$1:$B$17,2,0) -> SGI-Reg1 | D2: SGI-Chapitre1
A3: AKPAZIBO | B3: JIHI | C3: =VLOOKUP(A3,Région!$A$1:$B$17,2,0) -> SGI-Reg1 | D3: SGI-Chapitre2
A4: AKPAZIBO | B4: AKPOUIHIN | C4: =VLOOKUP(A4,Région!$A$1:$B$17,2,0) -> SGI-Reg1 | D4: SGI-Chapitre3
A5: AKPAZIBO | B5: AMOUGNAN | C5: =VLOOKUP(A5,Région!$A$1:$B$17,2,0) -> SGI-Reg1 | D5: SGI-Chapitre4
A6: AKPAZIBO | B6: SOLEIL D'ESPOIR | C6: =VLOOKUP(A6,Région!$A$1:$B$17,2,0) -> SGI-Reg1 | D6: SGI-Chapitre5
A7: AKPAZIBO | B7: ZAGNE | C7: =VLOOKUP(A7,Région!$A$1:$B$17,2,0) -> SGI-Reg1 | D7: SGI-Chapitre6
A8: AKPAZIBO | B8: KANJIN | C8: =VLOOKUP(A8,Région!$A$1:$B$17,2,0) -> SGI-Reg1 | D8: SGI-Chapitre7
A9: AKPAZIBO | B9: OSAKA | C9: =VLOOKUP(A9,Région!$A$1:$B$17,2,0) -> SGI-Reg1 | D9: SGI-Chapitre8
A10: AKPAZIBO | B10: KOUALEUTOAGBEKA | C10: =VLOOKUP(A10,Région!$A$1:$B$17,2,0) -> SGI-Reg1 | D10: SGI-Chapitre9
A11: AKPAZIBO | B11: NIRVANA | C11: =VLOOKUP(A11,Région!$A$1:$B$17,2,0) -> SGI-Reg1 | D11: SGI-Chapitre10
A12: AKPAZIBO | B12: ABEBO ZEAGLO | C12: =VLOOKUP(A12,Région!$A$1:$B$17,2,0) -> SGI-Reg1 | D12: SGI-Chapitre11
A13: AKPAZIBO | B13: JINZAÏ | C13: =VLOOKUP(A13,Région!$A$1:$B$17,2,0) -> SGI-Reg1 | D13: SGI-Chapitre12
... A418: RISSHO ANKOKU RON | B418: YUMYO SHOJIN | C418: =VLOOKUP(A418,Région!$A$1:$B$17,2,0) -> SGI-Reg16 | D418: SGI-Chapitre417
A419: RISSHO ANKOKU RON | B419: FUKU'UN | C419: =VLOOKUP(A419,Région!$A$1:$B$20,2,0) -> SGI-Reg16 | D419: SGI-Chapitre418
A420: KANSAÏ | B420: CHAPITRE FONDY | C420: =VLOOKUP(A420,Région!$A$1:$B$20,2,0) -> SGI-Reg17 | D420: SGI-Chapitre419
A421: KANSAÏ | B421: CHAPITRE SAGESSE ETERNELLE | C421: =VLOOKUP(A421,Région!$A$1:$B$20,2,0) -> SGI-Reg17 | D421: SGI-Chapitre420
A422: KANSAÏ | B422: CHAPITRE ITAI DOSHIN | C422: =VLOOKUP(A422,Région!$A$1:$B$20,2,0) -> SGI-Reg17 | D422: SGI-Chapitre421
A423: KANSAÏ | B423: CHAPITRE FUKYO | C423: =VLOOKUP(A423,Région!$A$1:$B$20,2,0) -> SGI-Reg17 | D423: SGI-Chapitre422
A424: KANSAÏ | B424: CHAPITRE PIONNIER | C424: =VLOOKUP(A424,Région!$A$1:$B$20,2,0) -> SGI-Reg17 | D424: SGI-Chapitre423
A425: KANSAÏ | B425: CHAPITRE LOTUS | C425: =VLOOKUP(A425,Région!$A$1:$B$20,2,0) -> SGI-Reg17 | D425: SGI-Chapitre424
A426: KANSAÏ | B426: CHAPITRE TERRE DE VICTOIRE | C426: =VLOOKUP(A426,Région!$A$1:$B$20,2,0) -> SGI-Reg17 | D426: SGI-Chapitre425
A427: KANSAÏ | B427: CHAPITRE 1 | C427: =VLOOKUP(A427,Région!$A$1:$B$20,2,0) -> SGI-Reg17 | D427: SGI-Chapitre426
A428: KANSAÏ | B428: CHAPITRE 2 | C428: =VLOOKUP(A428,Région!$A$1:$B$20,2,0) -> SGI-Reg17 | D428: SGI-Chapitre427
A429: KANSAÏ | B429: CHAPITRE MYO | C429: =VLOOKUP(A429,Région!$A$1:$B$20,2,0) -> SGI-Reg17 | D429: SGI-Chapitre428
A430: KANSAÏ | B430: CHAPITRE VICTOIRE | C430: =VLOOKUP(A430,Région!$A$1:$B$20,2,0) -> SGI-Reg17 | D430: SGI-Chapitre429
... A472: CITADELLE ETERNELLE DU ROI LION | B472: CAPITRE DE SAPH | C472: =VLOOKUP(A472,Région!$A$1:$B$20,2,0) -> SGI-Reg18 | D472: SGI-Chapitre471
